BookingId,Agentid,officename,bookingDate,Revenue
1,49,Germany,03/03/2022,2010
2,46,South Africa,25/09/2022,700
3,11,France,18/10/2021,480
4,13,France,03/04/2022,1990
5,12,Australia,23/06/2022,3080
6,9,Canada,20/06/2022,8350
7,18,Canada,04/01/2022,9920
8,49,South Africa,20/09/2022,8060
9,20,South Africa,07/12/2021,2040
10,38,Australia,28/10/2021,8700
11,33,Germany,16/05/2022,1790
12,16,Germany,19/08/2022,4080
13,27,Canada,09/01/2022,8910
14,4,South Africa,18/03/2022,7070
15,40,Germany,01/10/2021,1750
16,10,South Africa,06/06/2022,2050
17,16,South Africa,25/07/2022,4380
18,27,Germany,31/05/2022,6360
19,48,Canada,04/04/2022,5140
20,9,France,30/09/2021,3940
21,12,France,29/09/2022,2300
22,13,Australia,16/04/2022,4230
23,7,Canada,26/09/2022,9940
24,39,Canada,21/07/2022,8810
25,7,Australia,06/07/2022,430
26,22,South Africa,02/12/2021,9760
27,17,France,21/01/2022,3640
28,38,Australia,11/06/2022,6620
29,1,France,21/01/2022,2530
30,3,Germany,01/08/2022,2070
31,29,France,27/04/2022,1400
32,13,France,26/03/2022,3320
33,11,France,19/03/2022,630
34,10,Australia,04/08/2022,6670
35,1,Australia,01/04/2022,550
36,27,Germany,19/05/2022,9370
37,43,Germany,13/09/2022,8200
38,31,Germany,20/08/2022,1870
39,30,South Africa,05/07/2022,2220
40,43,South Africa,09/02/2022,10000
41,45,France,26/07/2022,8170
42,35,Canada,03/05/2022,6470
43,35,Canada,19/02/2022,6820
44,31,France,15/12/2021,8350
45,19,Germany,05/04/2022,9770
46,31,Germany,15/10/2021,740
47,4,South Africa,05/01/2022,4490
48,22,France,19/04/2022,500
49,46,Germany,01/06/2022,840
50,10,Australia,20/03/2022,3920
51,34,South Africa,15/02/2022,9960
52,25,Germany,03/11/2021,6090
53,1,Canada,15/02/2022,6860
54,19,Germany,29/04/2022,7570
55,16,Germany,07/09/2022,5640
56,38,France,25/02/2022,2690
57,39,South Africa,26/07/2022,3960
58,48,Germany,04/09/2022,7070
59,9,Canada,23/07/2022,20
60,32,South Africa,07/07/2022,1640
61,4,Germany,23/12/2021,7140
62,27,Germany,19/06/2022,9600
63,21,France,13/12/2021,7470
64,33,France,18/08/2022,1570
65,43,Germany,27/09/2022,440
66,19,Germany,21/01/2022,2650
67,8,France,17/04/2022,1460
68,49,South Africa,05/12/2021,7130
69,32,France,07/09/2022,450
70,48,Germany,13/09/2022,6970
71,14,Australia,15/02/2022,9820
72,26,Australia,01/07/2022,1010
73,5,Canada,29/04/2022,5700
74,22,Germany,24/02/2022,9460
75,42,France,03/11/2021,5040
76,45,South Africa,23/11/2021,4960
77,23,Germany,16/07/2022,2500
78,18,Australia,20/02/2022,4850
79,41,South Africa,25/07/2022,3150
80,32,South Africa,04/08/2022,880
81,15,Australia,26/11/2021,2470
82,23,Australia,07/01/2022,5030
83,34,Germany,04/05/2022,2600
84,38,Australia,03/05/2022,4750
85,26,France,18/10/2021,9620
86,47,France,22/01/2022,6910
87,33,Australia,13/10/2021,7530
88,14,Australia,30/10/2021,2040
89,14,South Africa,22/03/2022,3930
90,24,Germany,19/03/2022,8320
91,24,Canada,09/02/2022,3040
92,46,South Africa,29/01/2022,5680
93,37,Canada,22/10/2021,230
94,18,Australia,11/07/2022,2620
95,9,Australia,25/05/2022,8750
96,18,Australia,20/06/2022,3230
97,14,Germany,30/04/2022,6450
98,22,France,12/11/2021,1980
99,44,South Africa,10/12/2021,8310
100,32,France,01/01/2022,6250
101,22,Australia,29/09/2022,7380
102,12,Australia,05/05/2022,1330
103,28,Australia,04/06/2022,6810
104,17,Canada,09/03/2022,9950
105,29,South Africa,05/05/2022,2670
106,24,Germany,29/01/2022,6890
107,30,Germany,06/12/2021,1880
108,42,South Africa,20/02/2022,6410
109,27,Australia,16/05/2022,8690
110,23,Germany,26/05/2022,6790
111,2,Australia,05/05/2022,6280
112,40,Canada,20/08/2022,4950
113,42,South Africa,15/03/2022,630
114,38,France,16/11/2021,2130
115,32,Australia,20/02/2022,1400
116,33,Australia,28/01/2022,5850
117,46,Canada,03/09/2022,1500
118,4,Germany,01/05/2022,4130
119,5,Germany,22/09/2022,9600
120,7,France,07/06/2022,9510
121,18,France,24/10/2021,5040
122,29,Australia,04/02/2022,5720
123,19,France,26/03/2022,2410
124,37,Germany,04/08/2022,4130
125,7,Australia,22/04/2022,8630
126,25,South Africa,02/05/2022,4730
127,16,Canada,20/05/2022,6450
128,19,Germany,25/01/2022,3060
129,48,South Africa,01/06/2022,3820
130,43,France,22/10/2021,3230
131,39,Canada,27/03/2022,6210
132,29,France,23/03/2022,700
133,20,France,22/02/2022,9740
134,27,South Africa,13/05/2022,1840
135,10,France,07/09/2022,4200
136,7,Canada,12/10/2021,4410
137,7,Australia,23/12/2021,7460
138,34,South Africa,05/05/2022,7840
139,49,France,10/12/2021,4790
140,45,Germany,26/12/2021,820
141,36,Germany,21/01/2022,6410
142,40,France,21/11/2021,8140
143,47,South Africa,06/03/2022,3890
144,50,Canada,10/07/2022,3680
145,43,South Africa,24/05/2022,9480
146,9,France,06/02/2022,8720
147,31,South Africa,30/11/2021,9920
148,21,South Africa,27/11/2021,8000
149,6,South Africa,30/05/2022,8830
150,16,Canada,06/05/2022,3310
151,44,Germany,23/02/2022,4650
152,16,Australia,13/08/2022,6600
153,38,Canada,06/11/2021,4440
154,46,France,07/10/2021,1680
155,46,Germany,28/08/2022,170
156,19,Canada,13/02/2022,2610
157,32,South Africa,28/05/2022,5720
158,29,Australia,22/07/2022,5150
159,44,South Africa,17/06/2022,9270
160,22,South Africa,30/11/2021,8080
161,22,France,14/03/2022,6170
162,40,South Africa,10/11/2021,1040
163,16,Germany,04/02/2022,4930
164,6,Canada,13/06/2022,4910
165,38,Canada,19/03/2022,6120
166,44,South Africa,10/08/2022,4580
167,7,Germany,26/02/2022,3080
168,33,Canada,11/11/2021,6900
169,35,Canada,24/03/2022,7850
170,19,Canada,07/04/2022,2940
171,19,South Africa,25/08/2022,7720
172,47,France,28/11/2021,1130
173,48,Canada,20/07/2022,1150
174,6,France,18/08/2022,8780
175,22,France,16/08/2022,8850
176,46,France,16/01/2022,4510
177,3,Germany,07/08/2022,810
178,36,France,06/09/2022,8830
179,48,France,17/05/2022,4440
180,15,Canada,25/02/2022,8710
181,33,Australia,15/12/2021,6220
182,7,France,10/12/2021,2580
183,7,France,12/09/2022,2910
184,13,Germany,09/08/2022,1210
185,18,Australia,06/08/2022,9120
186,14,France,23/08/2022,7980
187,3,South Africa,30/06/2022,7310
188,2,Australia,26/01/2022,4860
189,45,France,10/08/2022,7900
190,31,Australia,19/02/2022,5300
191,36,Australia,28/01/2022,8800
192,6,France,13/01/2022,8370
193,20,Canada,17/04/2022,2300
194,21,Australia,23/10/2021,9850
195,19,Canada,30/12/2021,9310
196,37,Canada,12/05/2022,6450
197,27,Canada,30/09/2021,260
198,47,Canada,19/08/2022,9390
199,1,Australia,16/02/2022,30
200,49,South Africa,02/07/2022,6690
201,17,Australia,03/11/2021,4500
202,30,Canada,26/05/2022,8970
203,26,France,24/07/2022,6170
204,20,Germany,06/11/2021,7180
205,47,France,19/06/2022,2260
206,10,Germany,23/03/2022,2380
207,50,Australia,17/04/2022,7820
208,5,Canada,20/12/2021,9690
209,11,France,24/07/2022,6210
210,29,France,15/09/2022,9170
211,31,Canada,28/11/2021,7220
212,48,Germany,19/06/2022,6450
213,24,South Africa,10/04/2022,9870
214,26,Canada,10/11/2021,5750
215,25,Germany,08/10/2021,870
216,47,France,26/12/2021,800
217,11,France,14/02/2022,4750
218,29,France,24/09/2022,4380
219,30,Australia,22/03/2022,8400
220,5,France,19/03/2022,2470
221,49,Canada,11/02/2022,4930
222,47,Germany,01/04/2022,310
223,46,Germany,01/08/2022,7690
224,8,Germany,12/09/2022,6130
225,42,Australia,18/02/2022,8150
226,32,Germany,01/04/2022,2290
227,37,Germany,04/07/2022,7510
228,35,Australia,22/11/2021,1970
229,20,Germany,04/02/2022,2640
230,24,Australia,05/05/2022,7120
231,12,Australia,06/09/2022,3060
232,1,Canada,18/05/2022,3290
233,18,France,18/12/2021,3730
234,17,South Africa,06/12/2021,7180
235,12,South Africa,21/12/2021,240
236,30,Canada,19/03/2022,4710
237,44,France,10/09/2022,1730
238,17,France,02/10/2021,8430
239,40,South Africa,14/11/2021,9260
240,19,Australia,18/06/2022,4290
241,1,Australia,18/01/2022,930
242,40,Australia,19/05/2022,6120
243,42,France,17/05/2022,4560
244,12,Australia,21/07/2022,4500
245,19,France,07/07/2022,2510
246,48,Germany,24/12/2021,7730
247,5,South Africa,11/01/2022,3650
248,37,Germany,14/01/2022,4160
249,48,France,09/10/2021,3710
250,23,France,04/10/2021,6970
251,50,France,08/07/2022,290
252,31,France,20/04/2022,4120
253,22,Australia,23/04/2022,9170
254,8,Australia,25/09/2022,980
255,1,France,06/02/2022,10
256,41,Australia,04/07/2022,2690
257,7,Australia,02/08/2022,1820
258,3,Canada,07/12/2021,9500
259,33,Canada,06/06/2022,1020
260,24,France,31/12/2021,1660
261,45,France,31/07/2022,8350
262,10,Germany,27/12/2021,3270
263,2,France,18/07/2022,1470
264,47,Germany,29/01/2022,8850
265,3,Canada,01/07/2022,8350
266,30,Germany,02/07/2022,600
267,43,Canada,30/03/2022,3900
268,40,South Africa,18/11/2021,4560
269,29,France,04/11/2021,6110
270,15,South Africa,22/02/2022,4680
271,38,Canada,18/02/2022,2160
272,20,South Africa,24/04/2022,5820
273,45,Australia,25/10/2021,1740
274,43,France,28/03/2022,8520
275,6,Canada,23/08/2022,6520
276,37,South Africa,16/09/2022,1170
277,15,Germany,14/08/2022,8100
278,23,France,27/06/2022,3900
279,37,Australia,02/03/2022,2640
280,27,South Africa,01/10/2021,550
281,12,Germany,10/10/2021,7030
282,21,Australia,18/08/2022,8220
283,50,France,26/07/2022,3610
284,16,Canada,15/08/2022,1610
285,4,Germany,15/04/2022,4260
286,21,Australia,14/07/2022,3510
287,35,South Africa,20/10/2021,4960
288,45,Germany,12/01/2022,7220
289,27,Canada,13/01/2022,6360
290,36,South Africa,19/05/2022,6470
291,31,Germany,25/02/2022,7100
292,47,France,23/03/2022,1700
293,10,Germany,28/08/2022,4990
294,23,South Africa,22/11/2021,9660
295,23,Australia,16/07/2022,9950
296,29,Germany,15/12/2021,9790
297,2,Canada,24/03/2022,650
298,1,Canada,25/05/2022,1380
299,14,Canada,05/03/2022,6640
300,7,Germany,14/06/2022,4050
301,36,France,07/05/2022,750
302,11,South Africa,25/01/2022,7520
303,47,Australia,05/01/2022,5850
304,21,South Africa,28/07/2022,7380
305,34,France,31/10/2021,2880
306,27,Germany,26/10/2021,5620
307,36,France,12/03/2022,3590
308,13,Germany,25/09/2022,7190
309,31,France,18/09/2022,7500
310,18,Australia,29/10/2021,3350
311,38,South Africa,04/08/2022,1570
312,41,France,13/07/2022,7980
313,27,Australia,18/09/2022,8260
314,41,Australia,29/03/2022,4180
315,39,South Africa,28/05/2022,1140
316,3,France,26/02/2022,4340
317,48,Australia,12/10/2021,980
318,12,Australia,19/07/2022,3690
319,46,Australia,08/12/2021,5800
320,11,Germany,25/07/2022,9520
321,25,Canada,27/02/2022,2890
322,27,South Africa,16/08/2022,2590
323,17,Canada,12/03/2022,3570
324,26,Australia,19/09/2022,6820
325,12,France,14/12/2021,6740
326,20,Canada,10/07/2022,1420
327,34,Canada,06/08/2022,4910
328,1,France,09/07/2022,2180
329,17,Germany,10/09/2022,180
330,17,Germany,03/09/2022,2390
331,24,Australia,11/10/2021,6160
332,13,South Africa,15/10/2021,2600
333,44,Australia,15/07/2022,1640
334,10,France,23/05/2022,5990
335,9,South Africa,14/03/2022,810
336,33,Germany,18/06/2022,8700
337,28,Canada,30/04/2022,7770
338,42,Germany,21/06/2022,5500
339,17,South Africa,26/03/2022,7040
340,48,France,24/09/2022,200
341,37,South Africa,04/10/2021,8110
342,30,France,14/04/2022,6720
343,45,Germany,16/01/2022,9390
344,18,Germany,02/05/2022,4260
345,19,Canada,07/06/2022,1090
346,9,Canada,14/01/2022,340
347,40,Germany,25/12/2021,2260
348,32,Canada,05/05/2022,4970
349,24,France,30/10/2021,8090
350,1,Canada,13/06/2022,7490
351,38,France,10/08/2022,8580
352,38,Germany,27/12/2021,5940
353,46,Australia,08/07/2022,3520
354,34,South Africa,11/10/2021,4710
355,30,Australia,06/06/2022,3420
356,35,Australia,12/07/2022,4490
357,29,Germany,22/08/2022,2980
358,17,Australia,08/11/2021,930
359,26,Germany,25/06/2022,3280
360,17,France,21/11/2021,9150
361,47,Canada,19/10/2021,2930
362,20,Australia,29/11/2021,9020
363,12,South Africa,11/01/2022,3630
364,34,Australia,02/05/2022,2780
365,7,Canada,29/03/2022,1920
366,42,Australia,17/06/2022,5420
367,36,France,14/07/2022,3790
368,13,France,06/02/2022,5350
369,24,South Africa,01/08/2022,2950
370,44,France,24/02/2022,9690
371,31,Germany,11/09/2022,8190
372,29,South Africa,23/07/2022,1890
373,33,Australia,19/08/2022,600
374,10,Australia,13/09/2022,9620
375,36,Germany,24/02/2022,9030
376,33,Canada,05/07/2022,9450
377,39,Canada,11/07/2022,4230
378,15,South Africa,29/07/2022,4660
379,9,Australia,06/03/2022,7690
380,37,Germany,03/06/2022,3780
381,48,Australia,22/08/2022,7090
382,43,France,17/06/2022,800
383,23,France,14/12/2021,510
384,6,Canada,10/06/2022,7000
385,7,Australia,11/06/2022,9480
386,17,South Africa,30/08/2022,3070
387,10,South Africa,20/06/2022,9140
388,44,South Africa,10/12/2021,4660
389,5,Australia,16/09/2022,4350
390,5,Germany,12/09/2022,6720
391,1,France,30/09/2021,30
392,22,Australia,20/07/2022,1890
393,28,Canada,03/01/2022,1510
394,44,South Africa,19/08/2022,6770
395,7,Australia,02/02/2022,6250
396,50,Australia,17/11/2021,7660
397,12,Canada,30/08/2022,8380
398,23,Australia,23/02/2022,1460
399,9,Canada,12/01/2022,1250
400,45,South Africa,04/11/2021,9630
401,23,France,23/06/2022,4490
402,10,Germany,26/05/2022,2590
403,9,Canada,25/03/2022,7340
404,41,Australia,16/10/2021,2090
405,24,Germany,17/02/2022,4980
406,31,Australia,28/04/2022,60
407,24,Australia,10/06/2022,3410
408,21,Australia,09/02/2022,2570
409,25,Canada,28/12/2021,5810
410,25,France,22/11/2021,4750
411,11,Australia,10/05/2022,5730
412,47,France,01/04/2022,9270
413,36,South Africa,28/01/2022,1090
414,46,South Africa,08/02/2022,6370
415,20,Germany,12/04/2022,1610
416,48,South Africa,02/06/2022,5470
417,23,South Africa,07/04/2022,6520
418,25,Australia,05/10/2021,4230
419,9,South Africa,11/07/2022,2610
420,22,Canada,20/04/2022,2240
421,45,Australia,15/02/2022,1180
422,7,Germany,09/10/2021,7780
423,16,France,28/05/2022,2450
424,34,Canada,24/03/2022,490
425,19,France,05/09/2022,1390
426,1,France,22/04/2022,1600
427,35,South Africa,15/04/2022,5800
428,4,Canada,30/10/2021,5260
429,43,Australia,19/10/2021,2670
430,41,France,21/02/2022,6560
431,17,Canada,18/01/2022,1150
432,50,France,30/10/2021,2700
433,14,Australia,30/09/2021,1430
434,27,France,05/07/2022,3650
435,9,Australia,07/05/2022,470
436,41,South Africa,08/05/2022,5760
437,45,Germany,16/03/2022,6760
438,32,South Africa,06/01/2022,3990
439,40,South Africa,28/01/2022,90
440,22,South Africa,24/07/2022,8320
441,33,Australia,23/10/2021,3100
442,25,Canada,21/06/2022,5000
443,16,South Africa,11/11/2021,5920
444,24,South Africa,29/09/2022,9800
445,50,France,10/12/2021,8190
446,4,France,01/08/2022,1490
447,48,Canada,21/04/2022,9780
448,28,Australia,01/03/2022,9080
449,49,Australia,03/12/2021,9190
450,12,South Africa,23/07/2022,4700
451,4,France,11/02/2022,8320
452,8,France,09/05/2022,7110
453,39,South Africa,24/09/2022,9090
454,40,Germany,12/11/2021,9120
455,38,Canada,11/11/2021,8570
456,24,Canada,07/03/2022,4830
457,38,Canada,28/03/2022,6950
458,20,Canada,04/04/2022,6390
459,26,Canada,18/02/2022,6270
460,4,Canada,20/05/2022,5910
461,30,Germany,15/11/2021,7260
462,34,France,23/02/2022,350
463,32,South Africa,28/11/2021,7020
464,13,France,18/09/2022,1780
465,33,France,27/02/2022,8610
466,42,Germany,03/07/2022,80
467,41,South Africa,19/04/2022,9480
468,6,Australia,24/05/2022,100
469,49,France,18/08/2022,5170
470,22,France,10/05/2022,9640
471,36,France,23/09/2022,6350
472,30,Australia,20/04/2022,7310
473,40,Australia,02/01/2022,7730
474,35,Canada,20/08/2022,1310
475,29,France,17/01/2022,4810
476,35,Germany,17/01/2022,2510
477,43,Germany,18/09/2022,9540
478,27,South Africa,09/11/2021,6110
479,12,Germany,27/03/2022,2620
480,21,Germany,18/12/2021,3330
481,42,Australia,11/05/2022,8970
482,15,France,09/07/2022,670
483,31,Canada,16/10/2021,5040
484,34,Canada,21/07/2022,430
485,20,Canada,09/08/2022,7990
486,27,Germany,22/05/2022,3500
487,41,Australia,22/11/2021,6730
488,17,Canada,08/05/2022,7440
489,18,South Africa,23/12/2021,7950
490,50,Canada,13/04/2022,6280
491,33,South Africa,23/11/2021,8420
492,24,Canada,09/04/2022,5140
493,50,South Africa,20/11/2021,5840
494,28,France,09/11/2021,2030
495,10,Canada,07/10/2021,7110
496,19,Germany,07/02/2022,6310
497,16,Australia,02/08/2022,2250
498,46,Australia,27/11/2021,4530
499,33,South Africa,22/08/2022,3640
500,16,Germany,23/03/2022,8430
501,44,Australia,20/11/2021,9120
502,29,South Africa,14/02/2022,7640
503,29,South Africa,13/08/2022,500
504,42,France,30/10/2021,2580
505,47,Germany,14/12/2021,5030
506,20,France,07/01/2022,4480
507,33,South Africa,08/05/2022,6830
508,20,Germany,21/08/2022,2900
509,35,South Africa,03/09/2022,60
510,44,Australia,21/02/2022,1000
511,46,France,13/12/2021,8340
512,43,South Africa,03/09/2022,2070
513,50,Australia,11/11/2021,6730
514,45,South Africa,25/09/2022,1030
515,50,South Africa,18/11/2021,160
516,1,Germany,27/01/2022,2550
517,15,South Africa,23/07/2022,6870
518,33,Canada,21/11/2021,1890
519,11,South Africa,09/01/2022,80
520,2,Germany,29/01/2022,3050
521,30,South Africa,16/02/2022,7070
522,41,Canada,28/09/2022,5190
523,48,France,08/04/2022,6170
524,19,Australia,10/05/2022,7400
525,1,Germany,26/03/2022,7850
526,24,Canada,27/10/2021,5780
527,10,South Africa,27/03/2022,8990
528,30,Germany,25/11/2021,3960
529,39,Germany,14/05/2022,4990
530,38,France,30/11/2021,1470
531,30,France,07/09/2022,7820
532,16,Germany,19/01/2022,4840
533,3,Australia,09/10/2021,7280
534,42,Germany,02/02/2022,9270
535,31,South Africa,31/05/2022,1990
536,38,Australia,15/10/2021,2660
537,30,Germany,25/03/2022,5370
538,32,Australia,01/02/2022,1800
539,7,South Africa,30/06/2022,3590
540,11,Germany,08/10/2021,6370
541,8,Germany,17/02/2022,4730
542,32,Australia,19/06/2022,9000
543,12,France,27/11/2021,2340
544,32,France,12/01/2022,7620
545,29,Australia,03/02/2022,4010
546,24,France,20/03/2022,8680
547,16,France,21/08/2022,5600
548,30,Canada,26/10/2021,3140
549,38,Australia,23/04/2022,9010
550,33,France,20/02/2022,4230
551,18,France,27/10/2021,7590
552,33,Canada,06/07/2022,1730
553,38,Germany,05/11/2021,480
554,32,Germany,23/02/2022,5370
555,10,Australia,10/04/2022,790
556,40,Canada,13/10/2021,3370
557,23,South Africa,11/06/2022,8650
558,37,France,08/06/2022,950
559,28,Australia,19/04/2022,1040
560,7,France,04/09/2022,7740
561,43,Germany,09/05/2022,3150
562,13,Australia,15/11/2021,9700
563,48,France,14/03/2022,5480
564,38,Canada,15/01/2022,1170
565,15,Australia,17/03/2022,2960
566,15,Australia,28/09/2022,3130
567,38,Canada,24/02/2022,520
568,20,Canada,27/10/2021,4080
569,25,Canada,31/07/2022,5590
570,1,France,04/10/2021,7930
571,19,France,26/07/2022,6070
572,40,Australia,11/07/2022,7020
573,48,Australia,10/07/2022,3890
574,19,South Africa,12/12/2021,1300
575,30,France,21/02/2022,500
576,19,Australia,07/12/2021,4050
577,25,Australia,23/03/2022,2750
578,22,France,05/12/2021,7980
579,4,Australia,06/10/2021,150
580,50,Germany,28/10/2021,6630
581,34,South Africa,14/05/2022,6690
582,15,Australia,12/08/2022,7020
583,13,Australia,27/02/2022,230
584,31,France,22/10/2021,9770
585,11,Australia,19/02/2022,5820
586,19,Germany,22/06/2022,9350
587,16,South Africa,04/10/2021,5220
588,2,France,23/01/2022,8420
589,39,South Africa,11/07/2022,930
590,12,France,10/08/2022,620
591,5,Germany,24/04/2022,570
592,49,South Africa,25/02/2022,9440
593,35,Germany,03/10/2021,1650
594,43,Australia,05/04/2022,5920
595,22,South Africa,07/01/2022,9190
596,11,Australia,28/11/2021,9650
597,39,Germany,07/10/2021,8540
598,33,Canada,11/05/2022,4410
599,29,Canada,29/07/2022,880
600,12,Canada,25/11/2021,8200
601,14,South Africa,19/09/2022,3390
602,29,Germany,02/08/2022,6170
603,8,Germany,16/09/2022,3160
604,38,France,12/02/2022,9050
605,6,France,08/04/2022,450
606,41,Germany,03/11/2021,9250
607,48,South Africa,09/03/2022,1840
608,42,Australia,08/06/2022,5260
609,42,Australia,31/10/2021,7080
610,28,South Africa,08/07/2022,8700
611,17,France,29/05/2022,1130
612,50,Germany,25/11/2021,4770
613,22,France,31/12/2021,6900
614,49,France,17/09/2022,5850
615,24,France,18/07/2022,7750
616,48,Germany,02/08/2022,6170
617,7,France,09/06/2022,620
618,50,Australia,20/05/2022,5080
619,4,Germany,05/02/2022,1490
620,38,South Africa,12/11/2021,9500
621,50,France,19/05/2022,8490
622,29,Canada,02/09/2022,6390
623,42,Canada,24/10/2021,3300
624,45,Australia,13/07/2022,1790
625,24,Germany,05/06/2022,4420
626,35,Australia,17/09/2022,9860
627,17,Germany,06/01/2022,9230
628,50,South Africa,27/10/2021,810
629,50,France,24/06/2022,8210
630,4,Germany,28/02/2022,4200
631,22,Canada,18/03/2022,70
632,33,South Africa,25/05/2022,9760
633,27,South Africa,18/03/2022,9850
634,46,Canada,10/06/2022,5960
635,36,Australia,24/07/2022,8480
636,18,France,20/03/2022,6250
637,36,South Africa,20/11/2021,5510
638,23,Canada,15/11/2021,5930
639,24,South Africa,04/07/2022,7900
640,21,Australia,04/06/2022,8490
641,9,Germany,06/11/2021,6000
642,20,Germany,13/03/2022,420
643,49,Germany,12/09/2022,3980
644,41,Australia,10/09/2022,6650
645,37,Germany,28/01/2022,4630
646,30,Australia,19/11/2021,7120
647,1,Canada,21/03/2022,2650
648,3,Australia,14/07/2022,6430
649,16,France,24/09/2022,1890
650,41,Germany,11/08/2022,1100
651,4,South Africa,11/05/2022,7630
652,12,South Africa,17/07/2022,6080
653,30,France,12/06/2022,9140
654,27,South Africa,27/04/2022,1190
655,18,Germany,05/01/2022,6430
656,6,South Africa,29/07/2022,2280
657,14,France,30/07/2022,310
658,20,Canada,13/06/2022,830
659,21,South Africa,14/12/2021,1930
660,32,Canada,14/06/2022,9380
661,19,Canada,28/02/2022,9620
662,23,Germany,14/04/2022,1240
663,41,France,02/08/2022,7250
664,21,Germany,12/12/2021,3680
665,11,South Africa,06/06/2022,680
666,24,Canada,28/04/2022,4280
667,12,Germany,15/03/2022,5210
668,7,South Africa,22/01/2022,5540
669,44,Germany,11/11/2021,3330
670,38,France,24/02/2022,5900
671,10,Germany,01/04/2022,9100
672,11,Canada,09/01/2022,4140
673,7,Canada,15/06/2022,1130
674,13,Australia,07/03/2022,2220
675,32,France,19/10/2021,1630
676,7,Australia,27/02/2022,5800
677,24,Canada,19/03/2022,4030
678,3,South Africa,19/08/2022,870
679,32,Germany,28/10/2021,5390
680,46,South Africa,19/01/2022,1540
681,27,Canada,12/09/2022,2510
682,8,France,14/11/2021,7570
683,37,Australia,21/10/2021,5620
684,4,Australia,30/12/2021,6380
685,6,France,01/08/2022,5850
686,49,Australia,02/01/2022,9760
687,27,Canada,26/07/2022,6370
688,10,France,13/12/2021,3620
689,40,South Africa,08/09/2022,1380
690,43,Canada,01/03/2022,8630
691,29,Canada,08/12/2021,830
692,15,Canada,03/01/2022,3650
693,46,South Africa,18/11/2021,7290
694,15,Germany,31/12/2021,9260
695,47,France,12/05/2022,6200
696,10,Australia,20/11/2021,9090
697,39,South Africa,02/09/2022,2720
698,34,France,27/01/2022,8710
699,6,Germany,22/04/2022,8670
700,31,Germany,04/05/2022,1710
701,37,Canada,07/08/2022,3760
702,36,Germany,02/07/2022,4500
703,7,Australia,24/11/2021,110
704,11,South Africa,12/12/2021,1860
705,37,South Africa,02/12/2021,8930
706,38,Canada,06/08/2022,1140
707,15,Germany,03/10/2021,5180
708,20,Germany,24/07/2022,760
709,39,France,21/11/2021,8270
710,23,Canada,10/04/2022,7260
711,44,France,13/07/2022,9040
712,39,South Africa,12/01/2022,2390
713,24,France,28/11/2021,7850
714,47,Canada,28/11/2021,1870
715,26,Germany,18/05/2022,560
716,12,France,05/12/2021,6440
717,1,South Africa,05/09/2022,5260
718,43,Australia,24/12/2021,9870
719,48,France,28/03/2022,8700
720,35,South Africa,24/04/2022,5120
721,39,France,20/02/2022,9810
722,12,Germany,29/01/2022,9150
723,42,France,17/01/2022,370
724,33,France,01/08/2022,5530
725,10,France,08/04/2022,5980
726,39,South Africa,27/08/2022,1370
727,35,Germany,24/01/2022,2980
728,42,France,16/01/2022,90
729,40,France,26/10/2021,1940
730,23,South Africa,10/06/2022,1550
731,32,Canada,30/09/2021,8530
732,18,South Africa,02/06/2022,4280
733,39,France,21/07/2022,5080
734,7,Canada,11/06/2022,980
735,48,France,10/04/2022,6200
736,29,South Africa,10/08/2022,5610
737,12,Australia,24/12/2021,1740
738,20,Australia,20/10/2021,6040
739,18,South Africa,29/05/2022,2950
740,3,Germany,08/03/2022,3440
741,4,Canada,30/11/2021,4300
742,49,Australia,30/11/2021,7670
743,24,Australia,19/10/2021,9850
744,22,Germany,29/10/2021,1940
745,34,South Africa,30/08/2022,8860
746,8,Canada,08/12/2021,8330
747,30,Australia,18/02/2022,1910
748,12,Germany,28/10/2021,1570
749,41,Australia,03/06/2022,900
750,10,Australia,26/01/2022,3150
751,1,Canada,17/11/2021,9640
752,29,South Africa,17/06/2022,7980
753,41,Germany,28/05/2022,1650
754,28,Australia,12/08/2022,1530
755,38,South Africa,10/09/2022,1780
756,12,Canada,25/05/2022,3440
757,22,France,29/12/2021,7550
758,42,South Africa,17/11/2021,7100
759,36,South Africa,05/08/2022,9360
760,43,France,25/04/2022,4910
761,30,South Africa,18/01/2022,7410
762,23,Canada,09/04/2022,3140
763,3,Australia,20/08/2022,3640
764,45,Canada,04/10/2021,3070
765,32,France,15/06/2022,8940
766,46,Australia,16/01/2022,3340
767,13,France,29/11/2021,8580
768,3,Germany,10/12/2021,8890
769,49,France,17/01/2022,6600
770,45,Australia,04/08/2022,4850
771,26,Australia,23/02/2022,6260
772,46,South Africa,08/05/2022,2360
773,47,Germany,19/05/2022,6400
774,41,Australia,05/11/2021,1840
775,38,South Africa,01/03/2022,5290
776,35,Australia,09/04/2022,6730
777,10,Canada,25/08/2022,520
778,33,Germany,26/05/2022,4380
779,24,Germany,06/02/2022,2750
780,16,France,13/11/2021,7710
781,28,South Africa,27/01/2022,760
782,41,Germany,05/10/2021,3880
783,33,Australia,11/09/2022,4650
784,5,France,07/01/2022,8430
785,15,Australia,14/08/2022,7640
786,13,South Africa,10/04/2022,5760
787,34,France,22/02/2022,2670
788,50,Australia,06/06/2022,2360
789,11,Australia,22/09/2022,3700
790,36,France,13/01/2022,5180
791,28,Australia,14/06/2022,1150
792,8,Australia,26/12/2021,9940
793,5,South Africa,07/12/2021,830
794,28,South Africa,25/12/2021,2270
795,21,South Africa,14/10/2021,3320
796,18,Australia,26/09/2022,2730
797,7,Germany,18/08/2022,830
798,16,Canada,20/09/2022,9830
799,9,Germany,18/01/2022,4310
800,21,South Africa,13/12/2021,7000
801,35,South Africa,05/04/2022,4170
802,27,Germany,09/05/2022,8530
803,27,Germany,13/01/2022,7230
804,38,France,08/02/2022,340
805,40,France,30/10/2021,7200
806,18,France,13/06/2022,1610
807,24,France,18/10/2021,4620
808,33,Australia,12/04/2022,8560
809,28,South Africa,30/09/2021,6790
810,10,Canada,17/07/2022,8530
811,26,Germany,30/07/2022,1100
812,15,Germany,20/07/2022,4680
813,1,Germany,22/04/2022,2730
814,18,South Africa,20/09/2022,5490
815,49,Canada,01/10/2021,1590
816,21,South Africa,22/09/2022,7070
817,48,Australia,05/09/2022,8560
818,5,Australia,27/01/2022,9370
819,12,Australia,31/10/2021,3260
820,38,South Africa,12/06/2022,6710
821,10,France,27/12/2021,6810
822,15,South Africa,30/05/2022,4310
823,28,France,11/07/2022,6260
824,46,Australia,02/12/2021,5860
825,47,Canada,24/04/2022,9970
826,24,Australia,18/03/2022,1380
827,3,South Africa,18/02/2022,4740
828,8,Canada,16/07/2022,4960
829,1,Germany,20/05/2022,2130
830,39,Germany,30/11/2021,2390
831,36,Australia,06/01/2022,850
832,37,Germany,26/08/2022,690
833,22,Australia,26/09/2022,3280
834,12,Germany,06/11/2021,6430
835,34,Australia,25/10/2021,1970
836,33,France,28/12/2021,2610
837,13,Australia,28/05/2022,3610
838,41,South Africa,19/07/2022,9510
839,40,Australia,30/10/2021,9230
840,2,Australia,04/04/2022,720
841,41,Canada,14/08/2022,3780
842,4,South Africa,26/09/2022,1690
843,19,Germany,24/09/2022,5670
844,40,South Africa,23/08/2022,9520
845,33,France,17/04/2022,6060
846,7,Australia,01/08/2022,3210
847,47,Germany,10/11/2021,4980
848,32,France,14/08/2022,6320
849,28,Canada,15/01/2022,6260
850,29,Australia,19/06/2022,8390
851,39,Australia,14/10/2021,9580
852,17,Australia,23/05/2022,1530
853,22,France,21/11/2021,8360
854,14,France,23/01/2022,8490
855,21,Germany,25/09/2022,2040
856,25,South Africa,25/05/2022,670
857,25,Australia,28/07/2022,7380
858,43,France,30/08/2022,1410
859,49,France,26/05/2022,6630
860,5,Germany,23/05/2022,5880
861,3,Australia,06/06/2022,590
862,31,France,24/03/2022,1740
863,38,Canada,29/08/2022,8230
864,21,South Africa,06/12/2021,4110
865,24,France,26/03/2022,4070
866,42,South Africa,06/03/2022,8110
867,32,Canada,18/10/2021,910
868,8,Germany,04/07/2022,8080
869,10,France,21/12/2021,7560
870,16,France,19/06/2022,7050
871,37,Australia,08/12/2021,6210
872,4,France,06/10/2021,9040
873,16,Germany,04/08/2022,1900
874,50,Germany,12/01/2022,3310
875,48,Canada,21/09/2022,8580
876,3,Australia,15/05/2022,9480
877,5,Australia,13/04/2022,6930
878,45,Canada,16/02/2022,2870
879,23,France,18/11/2021,9410
880,44,South Africa,05/07/2022,3180
881,29,Canada,17/07/2022,860
882,3,Australia,16/09/2022,3980
883,28,France,11/06/2022,6080
884,15,South Africa,23/07/2022,7780
885,8,South Africa,26/07/2022,420
886,27,France,03/03/2022,2360
887,5,Germany,10/05/2022,610
888,16,South Africa,04/02/2022,1080
889,43,Australia,02/07/2022,9110
890,40,Canada,21/04/2022,2240
891,50,France,20/10/2021,8470
892,21,Canada,07/11/2021,3250
893,48,South Africa,29/11/2021,6560
894,27,Australia,25/11/2021,6070
895,31,Canada,04/08/2022,6920
896,42,France,18/01/2022,3310
897,35,Germany,08/09/2022,5860
898,14,Australia,06/07/2022,4310
899,30,Canada,25/11/2021,7940
900,29,Australia,19/06/2022,1110
901,26,South Africa,23/04/2022,9600
902,20,Canada,28/07/2022,6230
903,18,Australia,25/02/2022,4360
904,1,Canada,17/12/2021,6230
905,47,Canada,16/08/2022,6450
906,43,Canada,02/02/2022,2850
907,46,Canada,24/04/2022,4820
908,11,Canada,26/02/2022,260
909,1,Germany,26/05/2022,1700
910,3,Australia,23/12/2021,8060
911,13,South Africa,12/02/2022,240
912,17,Canada,28/02/2022,5130
913,1,France,27/05/2022,5030
914,50,Australia,18/02/2022,520
915,50,Germany,20/11/2021,50
916,12,Germany,31/03/2022,6400
917,11,Australia,06/02/2022,8570
918,8,Canada,17/05/2022,4240
919,12,South Africa,05/01/2022,4570
920,5,Australia,01/09/2022,1030
921,27,France,11/11/2021,150
922,44,Canada,02/09/2022,7500
923,8,Australia,25/03/2022,8940
924,6,Australia,29/05/2022,1190
925,43,Canada,17/01/2022,5870
926,21,France,25/12/2021,5480
927,12,Canada,05/01/2022,9920
928,10,Canada,06/06/2022,6530
929,12,Canada,17/10/2021,7580
930,17,Germany,21/08/2022,8700
931,10,South Africa,16/08/2022,2400
932,3,Australia,28/02/2022,8750
933,25,Canada,23/10/2021,110
934,2,Australia,23/10/2021,5960
935,43,Australia,25/03/2022,1810
936,23,France,07/01/2022,9710
937,13,South Africa,22/05/2022,7530
938,9,South Africa,07/01/2022,8160
939,7,Germany,13/03/2022,6110
940,12,Germany,10/01/2022,6320
941,34,France,02/06/2022,5800
942,15,Germany,27/02/2022,6060
943,26,France,05/12/2021,7460
944,49,Germany,23/03/2022,350
945,14,Australia,14/07/2022,1510
946,34,Australia,29/04/2022,9560
947,50,Canada,03/02/2022,7130
948,41,South Africa,09/04/2022,2150
949,17,Australia,28/12/2021,3020
950,13,France,08/08/2022,360
951,45,Australia,30/01/2022,7680
952,44,Germany,17/01/2022,3790
953,43,France,17/11/2021,1210
954,40,Germany,01/09/2022,8100
955,17,Canada,09/07/2022,4040
956,10,France,12/09/2022,2490
957,19,Australia,23/11/2021,8950
958,28,Germany,10/04/2022,9690
959,28,France,02/10/2021,1140
960,18,Canada,29/04/2022,7680
961,15,Germany,01/08/2022,9730
962,26,Australia,01/07/2022,3060
963,10,Australia,03/03/2022,2420
964,45,Canada,12/03/2022,7780
965,47,South Africa,29/11/2021,3780
966,2,France,17/09/2022,8750
967,41,South Africa,04/09/2022,2120
968,10,Canada,12/12/2021,4540
969,47,Germany,16/07/2022,8610
970,42,South Africa,23/07/2022,8430
971,21,France,22/09/2022,1310
972,29,France,08/08/2022,4550
973,48,France,23/07/2022,6150
974,34,France,04/06/2022,2100
975,18,Australia,20/05/2022,340
976,30,Canada,06/08/2022,9830
977,6,France,08/06/2022,950
978,1,Australia,13/07/2022,1960
979,49,Germany,26/06/2022,8840
980,50,South Africa,05/01/2022,4680
981,2,Australia,28/03/2022,1890
982,5,France,23/11/2021,9900
983,28,Germany,02/11/2021,6700
984,8,Canada,17/07/2022,2910
985,31,France,09/06/2022,210
986,2,Canada,23/06/2022,7890
987,23,Canada,17/09/2022,1270
988,46,Canada,18/10/2021,3390
989,26,Australia,14/03/2022,1030
990,3,France,23/12/2021,3470
991,1,Canada,24/06/2022,3460
992,44,Canada,16/01/2022,7160
993,35,Germany,25/02/2022,8480
994,48,Canada,19/11/2021,5790
995,41,Germany,17/11/2021,8440
996,18,Australia,27/04/2022,7820
997,49,South Africa,29/06/2022,9290
998,36,South Africa,21/10/2021,1930
999,13,France,22/01/2022,1223
1000,22,Australia,08/08/2022,6330
1001,44,South Africa,10/12/2021,8063
1002,2,France,04/04/2022,1661
1003,44,Canada,02/09/2022,1342
1004,9,France,30/01/2022,3091
1005,37,South Africa,24/01/2022,1782
1006,40,Canada,21/02/2022,4675
1007,25,Germany,06/02/2022,5797
1008,34,Australia,27/05/2022,7414
1009,32,Canada,24/03/2022,6336
1010,20,France,12/01/2022,6479
1011,11,France,18/03/2022,1529
1012,11,France,13/12/2021,7755
1013,39,France,09/02/2022,6149
1014,10,France,30/03/2022,231
1015,22,France,14/04/2022,6270
1016,48,Germany,26/02/2022,4873
1017,4,Canada,05/06/2022,33
1018,29,Canada,26/09/2022,8151
1019,6,France,07/10/2021,4103
1020,33,Canada,11/04/2022,3234
1021,45,France,04/04/2022,6171
1022,32,Australia,02/09/2022,6303
1023,27,Germany,28/12/2021,814
1024,48,Germany,23/08/2022,10109
1025,40,Australia,20/04/2022,2563
1026,13,Germany,11/11/2021,1683
1027,21,South Africa,20/02/2022,1837
1028,8,Germany,05/06/2022,7557
1029,31,South Africa,28/11/2021,1320
1030,7,France,14/01/2022,6028
1031,13,Australia,09/02/2022,4180
1032,37,Australia,04/09/2022,2420
1033,15,France,03/07/2022,9537
1034,25,France,11/11/2021,3190
1035,8,South Africa,24/08/2022,5357
1036,1,South Africa,30/09/2021,7568
1037,23,Canada,08/04/2022,4521
1038,13,France,07/10/2021,5610
1039,4,Germany,07/02/2022,4664
1040,30,South Africa,07/05/2022,1463
1041,49,Germany,04/02/2022,2046
1042,50,France,14/01/2022,814
1043,8,Germany,08/07/2022,4026
1044,28,Germany,26/11/2021,3509
1045,25,France,07/05/2022,352
1046,13,Australia,15/02/2022,1980
1047,4,South Africa,12/03/2022,3014
1048,26,Canada,19/01/2022,1683
1049,47,Canada,30/03/2022,9229
1050,3,Australia,27/07/2022,10758
1051,44,France,24/09/2022,8668
1052,14,France,26/11/2021,5621
1053,33,France,28/06/2022,10780
1054,30,France,10/06/2022,5005
1055,49,Australia,23/12/2021,682
1056,41,Canada,05/01/2022,44
1057,39,South Africa,22/12/2021,440
1058,44,Australia,30/01/2022,10384
1059,10,Germany,02/07/2022,4565
1060,30,Australia,18/10/2021,869
1061,33,Germany,11/08/2022,9020
1062,32,France,23/07/2022,3740
1063,13,Germany,27/06/2022,7447
1064,7,France,23/11/2021,8591
1065,13,Canada,11/03/2022,9306
1066,32,South Africa,31/05/2022,4895
1067,13,South Africa,23/09/2022,6138
1068,3,South Africa,22/07/2022,5874
1069,28,Canada,13/03/2022,6215
1070,42,Australia,26/12/2021,3443
1071,3,South Africa,08/03/2022,2288
1072,5,France,25/06/2022,704
1073,45,Germany,07/07/2022,10208
1074,10,South Africa,13/12/2021,3927
1075,16,South Africa,15/06/2022,2068
1076,35,Canada,05/01/2022,1628
1077,46,Australia,18/11/2021,4642
1078,18,Australia,21/12/2021,7942
1079,32,France,15/03/2022,7095
1080,18,France,04/09/2022,385
1081,2,France,13/02/2022,2662
1082,49,France,19/05/2022,5797
1083,47,Germany,16/05/2022,7161
1084,26,Australia,05/07/2022,3113
1085,19,France,01/03/2022,8371
1086,18,South Africa,06/01/2022,4268
1087,22,Canada,03/01/2022,9944
1088,50,South Africa,28/06/2022,10637
1089,14,Australia,31/12/2021,7689
1090,7,France,01/12/2021,7403
1091,32,Australia,16/03/2022,1023
1092,11,Germany,13/10/2021,6402
1093,26,Canada,27/09/2022,2926
1094,3,France,22/04/2022,8932
1095,8,Canada,03/06/2022,6061
1096,40,Canada,30/09/2021,4180
1097,9,France,08/04/2022,10450
1098,16,South Africa,17/12/2021,5456
1099,6,Canada,22/11/2021,1760
1100,3,South Africa,19/02/2022,6292
1101,15,Germany,13/09/2022,2024
1102,11,Germany,13/02/2022,4444
1103,31,Germany,06/04/2022,6204
1104,9,Germany,08/03/2022,9009
1105,40,Australia,28/03/2022,1232
1106,34,France,03/08/2022,3091
1107,36,Germany,12/05/2022,9658
1108,27,Canada,20/10/2021,9581
1109,32,Canada,11/03/2022,10208
1110,35,Canada,17/01/2022,9284
1111,12,Australia,07/03/2022,2321
1112,48,South Africa,15/05/2022,9207
1113,19,South Africa,26/04/2022,3388
1114,2,Canada,08/04/2022,5368
1115,44,Canada,10/09/2022,9108
1116,36,Australia,14/06/2022,1848
1117,7,Canada,17/04/2022,7029
1118,37,Canada,05/06/2022,9108
1119,9,Australia,05/10/2021,3938
1120,38,Germany,31/07/2022,1749
1121,25,France,23/08/2022,8459
1122,10,South Africa,31/12/2021,8382
1123,39,Australia,28/03/2022,5236
1124,47,Germany,06/12/2021,3894
1125,50,South Africa,08/01/2022,5863
1126,2,Australia,01/01/2022,7502
1127,45,Germany,23/07/2022,10835
1128,41,Germany,27/07/2022,6919
1129,48,Canada,17/08/2022,77
1130,36,Canada,28/10/2021,9306
1131,31,Germany,06/07/2022,9218
1132,37,Germany,27/10/2021,2222
1133,40,Germany,10/10/2021,9042
1134,23,South Africa,18/12/2021,9603
1135,11,Germany,03/03/2022,10131
1136,40,France,30/09/2021,7909
1137,7,France,05/12/2021,5819
1138,10,Germany,15/10/2021,5379
1139,39,Germany,29/03/2022,10087
1140,23,South Africa,28/02/2022,6402
1141,34,France,29/12/2021,6193
1142,47,Australia,10/01/2022,9900
1143,7,Canada,26/09/2022,6710
1144,27,Germany,19/08/2022,5390
1145,15,South Africa,16/02/2022,1815
1146,38,Germany,11/11/2021,407
1147,24,Australia,15/07/2022,5038
1148,12,Canada,02/06/2022,6754
1149,19,Germany,24/02/2022,6281
1150,11,Canada,27/08/2022,6061
1151,4,South Africa,09/02/2022,836
1152,34,South Africa,11/09/2022,1650
1153,41,Germany,15/08/2022,1430
1154,10,France,06/07/2022,308
1155,37,France,11/01/2022,10450
1156,7,South Africa,31/01/2022,1177
1157,14,Germany,12/04/2022,1573
1158,27,Australia,09/05/2022,5929
1159,32,South Africa,13/11/2021,2915
1160,50,South Africa,03/10/2021,10395
1161,30,Canada,22/07/2022,1364
1162,48,France,12/08/2022,8349
1163,15,Germany,30/07/2022,6798
1164,3,South Africa,19/08/2022,9823
1165,1,Germany,21/03/2022,3146
1166,18,France,29/06/2022,1474
1167,33,Canada,11/04/2022,3806
1168,7,South Africa,23/06/2022,5896
1169,11,Australia,23/07/2022,10285
1170,2,Germany,12/02/2022,341
1171,14,Canada,02/10/2021,7777
1172,38,South Africa,24/06/2022,1067
1173,4,South Africa,16/05/2022,5071
1174,49,France,08/05/2022,3311
1175,30,Germany,05/05/2022,4763
1176,27,Canada,26/05/2022,495
1177,30,France,31/08/2022,781
1178,10,South Africa,10/05/2022,1243
1179,29,France,17/03/2022,10472
1180,10,France,12/05/2022,1056
1181,48,Germany,25/01/2022,7502
1182,33,Australia,31/03/2022,8888
1183,38,Germany,25/06/2022,10098
1184,48,Australia,09/07/2022,9053
1185,18,Canada,05/04/2022,7953
1186,34,Canada,21/03/2022,9009
1187,13,South Africa,03/06/2022,6732
1188,6,Australia,30/11/2021,9405
1189,29,Canada,30/11/2021,1540
1190,18,Canada,13/12/2021,3839
1191,29,Germany,12/04/2022,4884
1192,10,Germany,06/05/2022,4763
1193,41,France,22/09/2022,5489
1194,47,France,06/01/2022,924
1195,6,South Africa,25/07/2022,10120
1196,32,Canada,20/10/2021,902
1197,39,Germany,13/06/2022,1298
1198,39,Canada,07/11/2021,1804
1199,25,South Africa,13/09/2022,6930
1200,41,Canada,21/01/2022,5929
1201,24,South Africa,25/11/2021,2277
1202,28,France,31/01/2022,5522
1203,1,Germany,21/08/2022,2728
1204,35,Canada,25/04/2022,9284
1205,33,Germany,09/04/2022,6369
1206,17,Germany,04/01/2022,1749
1207,12,South Africa,19/02/2022,715
1208,4,France,12/03/2022,6776
1209,48,France,06/10/2021,3443
1210,22,South Africa,22/07/2022,3751
1211,2,Canada,21/11/2021,9295
1212,39,France,22/05/2022,8415
1213,6,Canada,29/08/2022,7700
1214,26,Canada,01/02/2022,10186
1215,39,South Africa,03/03/2022,4224
1216,36,Germany,21/12/2021,1397
1217,25,Canada,01/12/2021,10681
1218,13,France,30/11/2021,3773
1219,43,Canada,02/11/2021,8965
1220,28,Canada,22/12/2021,3608
1221,27,France,24/04/2022,1210
1222,1,Australia,27/04/2022,5973
1223,30,Germany,21/09/2022,803
1224,42,South Africa,21/02/2022,4708
1225,46,Germany,12/03/2022,3278
1226,10,Germany,28/01/2022,2079
1227,23,Australia,06/06/2022,7293
1228,46,Germany,09/07/2022,3740
1229,20,Germany,07/10/2021,10032
1230,10,Canada,22/08/2022,7843
1231,38,Germany,04/10/2021,913
1232,43,France,16/06/2022,858
1233,21,Canada,22/12/2021,3751
1234,24,Canada,31/07/2022,5467
1235,37,Australia,12/10/2021,10516
1236,23,Canada,30/10/2021,2959
1237,42,Australia,15/08/2022,5665
1238,1,South Africa,23/05/2022,5973
1239,19,Germany,26/05/2022,4620
1240,9,Canada,14/11/2021,1628
1241,31,Canada,26/09/2022,6391
1242,14,South Africa,05/06/2022,10252
1243,38,Canada,24/11/2021,7700
1244,21,South Africa,01/09/2022,4158
1245,33,South Africa,24/03/2022,4444
1246,50,Canada,12/08/2022,484
1247,24,South Africa,20/08/2022,2123
1248,18,Canada,03/09/2022,5269
1249,44,South Africa,28/10/2021,3751
1250,11,Australia,03/04/2022,3157
1251,40,Australia,15/05/2022,4565
1252,6,Australia,23/01/2022,9361
1253,34,France,18/06/2022,5071
1254,36,Canada,11/10/2021,8151
1255,21,Germany,29/08/2022,2684
1256,34,Australia,09/08/2022,1331
1257,31,Canada,19/01/2022,5104
1258,1,Canada,03/06/2022,2321
1259,3,South Africa,19/01/2022,8536
1260,41,Canada,20/06/2022,8712
1261,19,Canada,11/04/2022,10186
1262,47,Canada,08/02/2022,6171
1263,21,Germany,08/04/2022,9394
1264,13,Germany,01/05/2022,2431
1265,26,Australia,26/04/2022,2255
1266,34,South Africa,18/03/2022,1309
1267,21,France,21/05/2022,9834
1268,20,Germany,01/11/2021,5148
1269,6,France,05/07/2022,3531
1270,6,Australia,24/10/2021,2464
1271,39,South Africa,12/07/2022,7755
1272,42,France,31/03/2022,7975
1273,4,Germany,06/07/2022,4807
1274,24,Australia,10/09/2022,9053
1275,44,Canada,27/10/2021,8184
1276,39,Canada,01/07/2022,6842
1277,26,Canada,14/11/2021,7579
1278,2,Australia,06/05/2022,3685
1279,5,France,18/07/2022,9823
1280,46,South Africa,02/01/2022,1859
1281,5,South Africa,19/06/2022,3344
1282,8,Australia,21/04/2022,10032
1283,50,France,02/11/2021,429
1284,9,Australia,22/04/2022,6490
1285,17,Australia,04/12/2021,6655
1286,14,Germany,14/03/2022,5291
1287,7,Canada,04/08/2022,1837
1288,21,France,04/09/2022,1441
1289,38,Canada,15/12/2021,869
1290,7,Australia,26/02/2022,3058
1291,3,France,05/07/2022,1100
1292,34,Canada,28/06/2022,9878
1293,2,Canada,14/01/2022,275
1294,33,Canada,15/06/2022,10659
1295,7,South Africa,08/07/2022,5676
1296,31,South Africa,18/06/2022,1430
1297,9,Australia,17/06/2022,198
1298,21,France,06/02/2022,1969
1299,9,Canada,26/11/2021,5797
1300,23,Canada,16/01/2022,5324
1301,25,Canada,11/10/2021,2530
1302,35,Canada,26/03/2022,583
1303,1,Canada,09/08/2022,4774
1304,19,France,03/12/2021,7854
1305,5,Germany,01/04/2022,6138
1306,39,Germany,23/02/2022,7282
1307,50,Canada,01/12/2021,7326
1308,9,South Africa,09/11/2021,4862
1309,25,South Africa,27/08/2022,5005
1310,26,South Africa,30/07/2022,6127
1311,31,Canada,25/12/2021,6677
1312,1,South Africa,10/09/2022,9108
1313,4,Canada,12/05/2022,9713
1314,36,Germany,07/03/2022,4312
1315,11,France,03/01/2022,6644
1316,32,South Africa,17/12/2021,2398
1317,17,Australia,19/06/2022,715
1318,28,South Africa,14/06/2022,6292
1319,20,Australia,06/09/2022,2904
1320,48,South Africa,29/10/2021,1573
1321,15,South Africa,16/02/2022,2387
1322,29,Australia,18/05/2022,9064
1323,43,Australia,24/05/2022,1375
1324,9,France,11/02/2022,2915
1325,32,Australia,27/03/2022,10802
1326,6,Australia,21/03/2022,7711
1327,38,Australia,22/08/2022,7315
1328,1,South Africa,19/12/2021,6919
1329,3,France,25/03/2022,10637
1330,20,France,15/10/2021,275
1331,12,South Africa,11/11/2021,7568
1332,12,Australia,14/03/2022,1595
1333,29,Australia,21/08/2022,1111
1334,34,France,06/01/2022,8547
1335,19,Germany,07/07/2022,8338
1336,34,South Africa,28/01/2022,8679
1337,34,Canada,17/02/2022,7755
1338,27,France,18/10/2021,5060
1339,5,Canada,15/10/2021,8547
1340,50,Germany,28/04/2022,2321
1341,44,Australia,16/08/2022,10802
1342,15,Germany,15/05/2022,1672
1343,5,Australia,10/04/2022,10879
1344,12,Australia,28/07/2022,6303
1345,7,Canada,19/04/2022,2134
1346,2,Australia,08/01/2022,5973
1347,38,France,29/12/2021,2090
1348,44,South Africa,01/01/2022,10725
1349,43,Germany,28/04/2022,3608
1350,8,Australia,06/04/2022,3883
1351,44,Australia,07/02/2022,3828
1352,34,France,20/06/2022,308
1353,13,France,18/07/2022,6215
1354,20,Canada,24/08/2022,2057
1355,23,Germany,10/10/2021,803
1356,16,Germany,14/12/2021,6633
1357,40,Australia,21/12/2021,5291
1358,46,France,12/12/2021,2904
1359,2,France,26/05/2022,3663
1360,45,Canada,12/06/2022,1661
1361,20,France,15/05/2022,6050
1362,18,Germany,16/10/2021,5214
1363,34,South Africa,31/03/2022,7502
1364,6,Canada,07/06/2022,4796
1365,44,Australia,13/02/2022,3839
1366,7,Canada,01/04/2022,9658
1367,3,Australia,10/09/2022,858
1368,32,Canada,26/09/2022,4840
1369,11,France,18/01/2022,9537
1370,22,France,16/06/2022,275
1371,13,South Africa,05/06/2022,2079
1372,2,South Africa,07/04/2022,9449
1373,17,Germany,19/10/2021,9933
1374,4,Australia,06/01/2022,10230
1375,40,France,29/11/2021,8030
1376,43,Canada,14/01/2022,9603
1377,4,Canada,04/10/2021,4906
1378,39,Canada,16/03/2022,2420
1379,17,Canada,25/01/2022,9383
1380,26,Germany,09/11/2021,5852
1381,35,Australia,20/02/2022,4631
1382,24,France,21/04/2022,2123
1383,48,Australia,28/06/2022,7579
1384,33,Australia,05/12/2021,902
1385,35,Canada,14/02/2022,715
1386,21,Canada,21/09/2022,8019
1387,16,South Africa,26/01/2022,3025
1388,23,Canada,21/01/2022,264
1389,16,Germany,15/08/2022,4675
1390,50,Germany,29/05/2022,308
1391,36,Germany,24/05/2022,2893
1392,5,South Africa,24/02/2022,198
1393,32,South Africa,02/02/2022,935
1394,18,South Africa,09/03/2022,9031
1395,40,South Africa,15/10/2021,3069
1396,43,South Africa,03/03/2022,3267
1397,24,Germany,12/09/2022,7777
1398,43,South Africa,26/05/2022,7876
1399,38,South Africa,07/11/2021,968
1400,43,Canada,07/12/2021,10054
1401,23,Australia,24/11/2021,3916
1402,5,Australia,03/12/2021,4444
1403,13,Germany,24/12/2021,9988
1404,46,South Africa,21/10/2021,10076
1405,50,France,07/12/2021,1045
1406,11,South Africa,15/06/2022,8283
1407,9,South Africa,28/12/2021,6083
1408,30,South Africa,21/08/2022,6974
1409,42,Canada,06/10/2021,6952
1410,18,South Africa,16/05/2022,792
1411,47,South Africa,05/12/2021,2541
1412,30,South Africa,18/01/2022,4774
1413,43,Germany,17/11/2021,3762
1414,12,South Africa,19/02/2022,10406
1415,50,South Africa,13/03/2022,7359
1416,49,South Africa,20/11/2021,6105
1417,21,France,21/12/2021,7898
1418,31,Canada,07/01/2022,8811
1419,28,Canada,24/05/2022,2827
1420,41,South Africa,06/04/2022,6402
1421,22,France,08/09/2022,66
1422,15,South Africa,06/05/2022,4136
1423,22,Germany,26/01/2022,1243
1424,15,Canada,28/05/2022,7161
1425,4,Australia,16/07/2022,5467
1426,46,Australia,15/03/2022,5258
1427,31,France,04/06/2022,4147
1428,15,South Africa,29/07/2022,10307
1429,2,South Africa,24/06/2022,2717
1430,25,Germany,11/02/2022,7689
1431,10,France,23/12/2021,6820
1432,27,Australia,19/06/2022,5280
1433,3,France,22/07/2022,9141
1434,23,Canada,12/01/2022,6138
1435,2,South Africa,10/09/2022,2838
1436,40,France,24/06/2022,7579
1437,32,Germany,06/09/2022,5962
1438,28,Germany,17/10/2021,1364
1439,30,South Africa,15/09/2022,1221
1440,11,Australia,17/08/2022,473
1441,6,Australia,07/04/2022,704
1442,39,Canada,17/07/2022,5148
1443,3,France,12/10/2021,4983
1444,35,Canada,21/09/2022,7304
1445,46,Germany,15/04/2022,5819
1446,45,Germany,28/04/2022,8822
1447,28,Germany,18/01/2022,5764
1448,9,South Africa,19/08/2022,6820
1449,16,Canada,05/11/2021,1595
1450,33,South Africa,21/05/2022,5236
1451,18,Australia,31/08/2022,7997
1452,43,Germany,24/08/2022,7370
1453,48,Canada,08/11/2021,275
1454,29,Canada,16/01/2022,5346
1455,20,France,03/11/2021,3971
1456,22,South Africa,12/09/2022,9735
1457,44,Canada,05/01/2022,2442
1458,46,Canada,19/09/2022,8206
1459,28,South Africa,08/10/2021,9559
1460,4,Germany,15/01/2022,33
1461,14,Germany,24/02/2022,10813
1462,17,South Africa,20/07/2022,9768
1463,25,Canada,01/07/2022,6853
1464,33,Canada,14/04/2022,7557
1465,12,Germany,19/09/2022,3146
1466,4,France,03/04/2022,6226
1467,32,South Africa,15/09/2022,3674
1468,10,Australia,06/02/2022,9119
1469,18,Australia,07/06/2022,5423
1470,17,Germany,16/07/2022,4983
1471,10,Australia,21/11/2021,9141
1472,22,Germany,15/12/2021,8701
1473,18,South Africa,24/06/2022,385
1474,34,Australia,19/09/2022,9680
1475,45,South Africa,03/02/2022,2211
1476,7,Canada,03/01/2022,4554
1477,37,Germany,24/04/2022,1661
1478,48,Germany,29/06/2022,2915
1479,42,Canada,21/08/2022,4334
1480,27,Germany,27/12/2021,6446
1481,14,Germany,09/05/2022,2376
1482,4,Australia,09/11/2021,5126
1483,14,South Africa,30/01/2022,6083
1484,35,France,23/01/2022,3212
1485,25,Canada,10/04/2022,2046
1486,34,Canada,06/08/2022,7073
1487,44,Germany,30/09/2021,2629
1488,13,South Africa,19/03/2022,5478
1489,27,Canada,04/01/2022,9207
1490,23,South Africa,06/05/2022,3069
1491,2,South Africa,22/07/2022,7315
1492,38,France,10/10/2021,6501
1493,28,Australia,04/12/2021,5280
1494,31,South Africa,03/05/2022,10527
1495,4,South Africa,06/09/2022,6215
1496,47,Canada,05/01/2022,7084
1497,27,Canada,20/01/2022,2662
1498,15,Australia,18/04/2022,2156
1499,28,Australia,03/04/2022,5874
1500,49,Germany,09/07/2022,9724
1501,7,Canada,25/06/2022,814
1502,10,Canada,17/12/2021,9064
1503,23,Germany,08/08/2022,10582
1504,5,South Africa,26/03/2022,9526
1505,9,Australia,17/04/2022,10032
1506,24,Canada,16/02/2022,1991
1507,37,France,11/09/2022,1210
1508,4,South Africa,02/10/2021,5929
1509,28,Germany,19/05/2022,3641
1510,31,France,20/08/2022,6820
1511,8,Australia,12/06/2022,6622
1512,34,Germany,08/05/2022,3773
1513,10,South Africa,03/12/2021,9944
1514,41,France,13/04/2022,495
1515,35,Germany,07/08/2022,2838
1516,36,Canada,03/04/2022,6787
1517,16,South Africa,28/07/2022,3021
1518,7,Germany,02/09/2022,10978
1519,45,South Africa,08/05/2022,8074
1520,40,France,19/10/2021,7645
1521,40,Germany,30/11/2021,11000
1522,26,Canada,25/05/2022,1452
1523,11,Germany,29/03/2022,8151
1524,6,Canada,20/01/2022,7007
1525,37,Australia,23/03/2022,6666
1526,46,Canada,18/06/2022,5335
1527,24,France,07/06/2022,5192
1528,39,France,25/04/2022,9086
1529,45,South Africa,28/05/2022,9042
1530,39,Germany,16/11/2021,8943
1531,31,Canada,20/06/2022,3366
1532,43,Australia,07/01/2022,8371
1533,24,South Africa,21/07/2022,6248
1534,44,Germany,26/09/2022,9339
1535,31,South Africa,30/01/2022,33
1536,1,Germany,27/04/2022,6138
1537,2,Canada,07/01/2022,2992
1538,20,France,19/02/2022,1221
1539,29,Germany,05/07/2022,330
1540,38,Germany,26/06/2022,6974
1541,43,France,26/08/2022,7117
1542,4,South Africa,18/07/2022,4279
1543,50,France,25/07/2022,9691
1544,34,Canada,28/01/2022,10868
1545,25,South Africa,01/05/2022,8217
1546,3,France,04/09/2022,7568
1547,31,France,07/07/2022,1815
1548,13,South Africa,15/06/2022,4411
1549,46,France,17/09/2022,10703
1550,21,South Africa,14/01/2022,5929
1551,40,South Africa,09/10/2021,3168
1552,28,Canada,10/05/2022,792
1553,48,Canada,05/02/2022,3025
1554,7,Germany,10/10/2021,10769
1555,16,Australia,29/07/2022,6083
1556,27,France,17/11/2021,10362
1557,50,Australia,15/09/2022,6908
1558,23,South Africa,14/03/2022,616
1559,19,Germany,01/09/2022,1738
1560,4,Australia,10/03/2022,9713
1561,49,Canada,22/12/2021,3773
1562,33,France,16/02/2022,10912
1563,37,Australia,26/11/2021,4400
1564,18,Germany,28/04/2022,4136
1565,48,Australia,12/08/2022,3784
1566,17,Canada,30/06/2022,3982
1567,49,Canada,23/07/2022,1166
1568,24,Australia,30/01/2022,1078
1569,22,Germany,19/01/2022,4763
1570,35,France,25/12/2021,10538
1571,37,Canada,15/11/2021,2332
1572,40,France,12/08/2022,968
1573,17,Germany,07/01/2022,2783
1574,23,Canada,01/06/2022,2079
1575,3,Germany,16/09/2022,7821
1576,20,Canada,14/06/2022,1991
1577,22,Australia,26/08/2022,605
1578,44,Germany,21/11/2021,3278
1579,34,Germany,02/06/2022,429
1580,30,South Africa,09/11/2021,1276
1581,43,Canada,25/11/2021,3168
1582,13,Australia,17/01/2022,7348
1583,9,France,22/10/2021,1001
1584,10,Australia,26/05/2022,671
1585,22,Germany,04/03/2022,253
1586,35,South Africa,23/08/2022,8789
1587,24,Canada,15/03/2022,6281
1588,46,South Africa,09/01/2022,5588
1589,6,Canada,10/08/2022,6732
1590,42,Canada,15/03/2022,6908
1591,31,France,02/02/2022,6446
1592,31,Canada,14/08/2022,7623
1593,47,Australia,21/09/2022,10373
1594,33,France,19/05/2022,495
1595,1,Australia,13/01/2022,4136
1596,22,Germany,23/09/2022,1980
1597,38,Australia,05/08/2022,1804
1598,36,Australia,04/12/2021,3949
1599,14,Australia,04/12/2021,4873
1600,37,Australia,05/10/2021,6622
1601,14,Germany,17/07/2022,2948
1602,48,South Africa,11/11/2021,5665
1603,17,France,08/02/2022,6611
1604,1,Canada,30/07/2022,3564
1605,39,Germany,02/04/2022,2607
1606,12,France,03/09/2022,9207
1607,27,Australia,12/12/2021,4356
1608,18,Australia,10/03/2022,4147
1609,37,South Africa,22/09/2022,4224
1610,7,France,01/07/2022,8558
1611,47,Australia,01/11/2021,1012
1612,15,South Africa,04/07/2022,572
1613,42,Canada,30/08/2022,9009
1614,13,France,27/07/2022,4818
1615,37,South Africa,11/12/2021,7348
1616,46,France,13/01/2022,10747
1617,48,Germany,23/11/2021,8580
1618,44,France,27/01/2022,10373
1619,5,Germany,29/03/2022,759
1620,36,Germany,24/10/2021,4818
1621,3,Canada,11/06/2022,6237
1622,37,France,22/06/2022,6237
1623,50,Germany,24/06/2022,5687
1624,25,South Africa,03/03/2022,3256
1625,5,Australia,18/12/2021,242
1626,21,France,31/07/2022,1210
1627,32,Canada,15/12/2021,6380
1628,33,Canada,28/02/2022,8657
1629,35,Canada,01/07/2022,10142
1630,13,France,11/07/2022,4444
1631,47,Canada,01/05/2022,8382
1632,25,France,25/04/2022,275
1633,7,South Africa,25/05/2022,5104
1634,33,Canada,21/06/2022,2420
1635,1,Canada,06/07/2022,6281
1636,10,South Africa,30/05/2022,3993
1637,27,Australia,10/12/2021,979
1638,41,France,22/04/2022,10417
1639,27,Canada,18/08/2022,3971
1640,1,South Africa,08/10/2021,6061
1641,14,Australia,21/08/2022,7414
1642,37,France,18/09/2022,2310
1643,42,Germany,08/05/2022,8305
1644,25,France,26/06/2022,231
1645,10,France,19/04/2022,10615
1646,14,Germany,03/11/2021,1408
1647,43,Australia,23/08/2022,737
1648,36,Canada,24/02/2022,3487
1649,36,Germany,14/08/2022,6644
1650,50,France,03/11/2021,6171
1651,34,Germany,16/08/2022,3113
1652,30,Germany,27/02/2022,3608
1653,17,France,30/12/2021,3278
1654,2,Australia,13/02/2022,5093
1655,35,Australia,07/03/2022,8305
1656,39,South Africa,14/12/2021,1045
1657,2,Australia,26/04/2022,4994
1658,37,Australia,23/08/2022,9515
1659,5,South Africa,17/09/2022,9163
1660,24,Germany,12/05/2022,4103
1661,5,South Africa,01/06/2022,7854
1662,29,South Africa,12/11/2021,2453
1663,6,France,21/08/2022,363
1664,10,Canada,19/07/2022,7392
1665,9,Germany,22/03/2022,9713
1666,17,Canada,12/07/2022,10461
1667,16,Canada,25/12/2021,3575
1668,14,France,09/05/2022,396
1669,27,Canada,26/02/2022,792
1670,42,Canada,07/08/2022,6215
1671,32,South Africa,07/03/2022,2233
1672,37,Australia,13/07/2022,1859
1673,15,France,07/02/2022,6952
1674,17,South Africa,26/03/2022,1001
1675,23,Canada,10/03/2022,4235
1676,23,Germany,04/03/2022,7997
1677,39,Australia,21/05/2022,4378
1678,36,Canada,30/01/2022,10087
1679,36,South Africa,11/08/2022,9460
1680,11,South Africa,04/07/2022,3531
1681,35,South Africa,25/04/2022,8866
1682,17,Canada,30/12/2021,10769
1683,6,France,09/01/2022,7942
1684,11,France,27/07/2022,979
1685,8,France,23/07/2022,2827
1686,20,Australia,01/04/2022,2486
1687,26,Australia,22/04/2022,9372
1688,44,Germany,31/05/2022,7788
1689,11,Australia,16/12/2021,7689
1690,6,Germany,23/01/2022,4554
1691,39,South Africa,20/05/2022,1397
1692,42,Germany,07/01/2022,10021
1693,39,Germany,04/09/2022,7953
1694,24,Canada,28/11/2021,9636
1695,9,South Africa,13/02/2022,6941
1696,50,Germany,27/01/2022,8448
1697,38,France,01/10/2021,5962
1698,27,South Africa,16/10/2021,3289
1699,38,South Africa,15/06/2022,6028
1700,43,France,21/07/2022,8910
1701,7,South Africa,29/11/2021,4400
1702,46,Australia,25/12/2021,330
1703,29,South Africa,02/12/2021,6468
1704,44,France,11/02/2022,6358
1705,30,France,25/01/2022,693
1706,12,Australia,08/04/2022,8844
1707,28,Australia,24/06/2022,4048
1708,44,Germany,04/10/2021,5434
1709,8,France,26/12/2021,7931
1710,49,Canada,17/10/2021,3256
1711,33,Germany,06/04/2022,814
1712,40,France,22/04/2022,924
1713,43,Australia,16/06/2022,847
1714,5,South Africa,04/01/2022,5863
1715,12,Germany,30/01/2022,528
1716,42,South Africa,10/07/2022,891
1717,13,South Africa,20/09/2022,462
1718,38,South Africa,22/11/2021,8888
1719,23,Canada,05/10/2021,8734
1720,22,Germany,20/05/2022,781
1721,43,Australia,15/08/2022,2948
1722,23,South Africa,07/07/2022,7502
1723,8,Canada,01/08/2022,10747
1724,3,France,27/06/2022,7117
1725,50,Germany,10/05/2022,9185
1726,34,France,24/06/2022,550
1727,22,South Africa,09/04/2022,3916
1728,22,South Africa,07/11/2021,7975
1729,48,Canada,06/02/2022,10890
1730,41,South Africa,23/12/2021,6435
1731,25,Australia,15/02/2022,8426
1732,31,Australia,23/01/2022,9328
1733,12,France,17/11/2021,7238
1734,27,Australia,26/04/2022,10065
1735,16,Canada,10/07/2022,5313
1736,37,Australia,27/09/2022,9867
1737,24,Canada,12/01/2022,10857
1738,23,France,09/10/2021,4312
1739,25,South Africa,23/07/2022,7491
1740,21,Australia,24/10/2021,7953
1741,27,Germany,27/01/2022,5049
1742,13,Germany,07/06/2022,4389
1743,4,South Africa,27/02/2022,5720
1744,38,South Africa,30/03/2022,6039
1745,24,South Africa,07/06/2022,9273
1746,22,South Africa,17/02/2022,5016
1747,41,Australia,01/02/2022,1826
1748,9,France,29/09/2022,3586
1749,40,South Africa,20/06/2022,1815
1750,1,Australia,16/02/2022,6259
1751,41,Australia,09/11/2021,10571
1752,12,France,07/07/2022,8789
1753,25,Germany,14/01/2022,1595
1754,25,South Africa,28/06/2022,3498
1755,24,France,18/11/2021,2497
1756,25,Canada,19/08/2022,1793
1757,31,France,11/02/2022,726
1758,17,France,26/07/2022,9075
1759,48,South Africa,28/04/2022,8250
1760,43,France,28/03/2022,8437
1761,27,Australia,01/07/2022,8349
1762,24,Australia,08/07/2022,2959
1763,15,South Africa,04/01/2022,4939
1764,19,Australia,08/05/2022,1243
1765,31,Germany,03/02/2022,2189
1766,17,South Africa,19/03/2022,3718
1767,36,South Africa,18/07/2022,5522
1768,45,Germany,23/03/2022,1089
1769,39,Germany,04/01/2022,1254
1770,44,South Africa,29/06/2022,10032
1771,1,Australia,30/03/2022,4884
1772,11,South Africa,05/04/2022,2189
1773,42,Australia,23/03/2022,7095
1774,38,South Africa,18/03/2022,6578
1775,3,Canada,17/06/2022,3366
1776,48,France,20/03/2022,3674
1777,47,South Africa,24/04/2022,5467
1778,27,Germany,15/06/2022,3817
1779,48,South Africa,03/04/2022,2200
1780,40,South Africa,10/07/2022,7161
1781,16,Australia,08/05/2022,7524
1782,11,Canada,30/07/2022,4037
1783,50,Australia,10/12/2021,8217
1784,17,Australia,20/06/2022,2893
1785,35,France,19/10/2021,8932
1786,41,Australia,22/12/2021,6413
1787,24,South Africa,23/05/2022,3652
1788,16,Australia,28/03/2022,7821
1789,26,Canada,23/05/2022,6237
1790,36,Canada,24/06/2022,9262
1791,46,Canada,18/06/2022,5654
1792,38,Canada,14/12/2021,8679
1793,20,Germany,29/11/2021,10054
1794,17,Canada,19/08/2022,6611
1795,31,Germany,23/03/2022,4455
1796,40,Australia,14/11/2021,2607
1797,44,Canada,12/04/2022,7733
1798,30,Germany,11/10/2021,418
1799,29,Australia,06/09/2022,7722
1800,14,Canada,25/10/2021,5698
1801,47,Australia,15/05/2022,3333
1802,50,Germany,02/10/2021,9295
1803,12,South Africa,04/10/2021,5291
1804,24,Australia,23/05/2022,5786
1805,18,South Africa,25/03/2022,8987
1806,39,Australia,09/11/2021,10362
1807,19,South Africa,15/07/2022,7788
1808,15,South Africa,16/06/2022,341
1809,36,South Africa,17/05/2022,3751
1810,35,France,25/11/2021,4774
1811,43,France,11/10/2021,2794
1812,41,Australia,22/07/2022,5401
1813,26,South Africa,22/12/2021,8624
1814,45,France,28/08/2022,1166
1815,47,France,22/05/2022,1155
1816,46,Canada,27/10/2021,451
1817,5,France,05/09/2022,2629
1818,48,France,27/10/2021,6226
1819,45,France,22/11/2021,5247
1820,12,Germany,23/04/2022,3234
1821,18,South Africa,18/04/2022,1617
1822,27,Australia,08/06/2022,7139
1823,10,Australia,14/07/2022,1298
1824,36,Germany,11/04/2022,4356
1825,25,France,21/05/2022,3619
1826,18,Australia,16/08/2022,8844
1827,38,Australia,10/04/2022,1056
1828,9,Australia,19/08/2022,781
1829,46,Germany,11/06/2022,6149
1830,8,Canada,16/11/2021,5258
1831,8,Germany,23/02/2022,4873
1832,10,France,13/05/2022,3344
1833,29,Germany,06/07/2022,5467
1834,37,Canada,22/06/2022,4323
1835,34,France,16/10/2021,8954
1836,5,Germany,07/04/2022,5368
1837,49,France,20/04/2022,88
1838,50,South Africa,17/11/2021,4488
1839,27,Canada,21/06/2022,4796
1840,14,Australia,19/11/2021,10274
1841,47,South Africa,18/12/2021,9438
1842,34,Australia,19/11/2021,7920
1843,1,Germany,30/07/2022,5247
1844,46,Germany,27/05/2022,10054
1845,9,South Africa,01/12/2021,3014
1846,28,France,10/08/2022,814
1847,35,Germany,17/07/2022,8338
1848,39,Germany,24/11/2021,8712
1849,30,Germany,01/01/2022,748
1850,40,Australia,08/05/2022,1661
1851,17,Canada,15/11/2021,1485
1852,36,South Africa,22/03/2022,1034
1853,25,Canada,01/05/2022,7117
1854,11,Australia,28/02/2022,165
1855,31,South Africa,17/05/2022,1166
1856,41,Germany,23/01/2022,4103
1857,5,Canada,27/07/2022,1177
1858,10,France,29/04/2022,2552
1859,9,Germany,13/01/2022,7161
1860,9,France,21/03/2022,1650
1861,39,Canada,29/07/2022,10758
1862,14,Australia,13/06/2022,8657
1863,48,Canada,03/11/2021,8668
1864,23,Australia,12/06/2022,4323
1865,14,Canada,07/03/2022,4257
1866,20,France,06/04/2022,8041
1867,13,South Africa,08/05/2022,5720
1868,14,Australia,08/04/2022,7084
1869,49,South Africa,22/09/2022,627
1870,40,France,15/06/2022,10076
1871,35,South Africa,26/02/2022,8503
1872,39,Canada,12/09/2022,7216
1873,43,South Africa,28/04/2022,759
1874,41,Germany,19/07/2022,2893
1875,30,France,06/12/2021,2387
1876,10,France,14/04/2022,1155
1877,30,Australia,04/10/2021,4191
1878,49,Germany,19/09/2022,2299
1879,9,Canada,07/09/2022,10626
1880,9,Canada,14/01/2022,2343
1881,41,Germany,29/01/2022,8327
1882,34,Germany,25/04/2022,4730
1883,49,Canada,15/04/2022,10032
1884,49,Canada,04/04/2022,2101
1885,49,Australia,24/03/2022,7623
1886,24,Germany,25/10/2021,6413
1887,49,Canada,22/03/2022,10879
1888,17,Canada,16/05/2022,9812
1889,34,Australia,21/06/2022,8514
1890,30,Canada,24/08/2022,9867
1891,19,Canada,09/06/2022,7095
1892,50,Canada,23/02/2022,1584
1893,18,Australia,18/01/2022,5148
1894,36,Canada,14/08/2022,4741
1895,36,Germany,07/03/2022,2948
1896,16,South Africa,09/02/2022,4741
1897,7,France,10/01/2022,10747
1898,47,Canada,05/02/2022,10241
1899,40,Germany,19/10/2021,902
1900,37,France,15/04/2022,8459
1901,17,Australia,25/09/2022,3021
1902,22,Canada,01/07/2022,6369
1903,48,Australia,21/03/2022,2728
1904,40,Canada,06/10/2021,6809
1905,48,Canada,07/04/2022,6083
1906,8,Germany,15/11/2021,7766
1907,25,South Africa,21/01/2022,4312
1908,4,Canada,01/10/2021,10912
1909,11,South Africa,24/05/2022,3157
1910,13,Germany,19/10/2021,3487
1911,24,Canada,24/08/2022,5038
1912,8,Germany,02/10/2021,6105
1913,8,Canada,10/09/2022,5445
1914,37,South Africa,10/10/2021,10197
1915,31,South Africa,07/08/2022,528
1916,33,Canada,02/08/2022,8360
1917,7,Canada,08/05/2022,2541
1918,4,Canada,28/01/2022,3905
1919,14,France,27/01/2022,814
1920,33,France,02/07/2022,10362
1921,8,Germany,30/09/2021,10769
1922,8,South Africa,28/12/2021,3300
1923,49,South Africa,07/05/2022,5203
1924,24,Australia,01/11/2021,4235
1925,48,Canada,07/09/2022,9504
1926,36,South Africa,25/10/2021,11000
1927,18,Germany,21/07/2022,7315
1928,40,France,19/01/2022,1056
1929,11,Canada,04/10/2021,5071
1930,35,France,05/12/2021,1540
1931,14,Germany,24/01/2022,3454
1932,28,Germany,05/05/2022,4290
1933,31,Canada,24/04/2022,4180
1934,40,Canada,16/12/2021,7227
1935,6,South Africa,14/10/2021,6138
1936,21,France,22/08/2022,9647
1937,24,Canada,08/09/2022,2013
1938,42,Germany,01/06/2022,9526
1939,27,Canada,24/06/2022,4301
1940,26,Germany,11/11/2021,4862
1941,36,South Africa,20/09/2022,209
1942,14,France,04/03/2022,6237
1943,8,Germany,12/09/2022,2200
1944,19,Germany,05/09/2022,7359
1945,47,Australia,19/09/2022,2508
1946,50,Germany,18/08/2022,6182
1947,46,France,20/01/2022,10681
1948,32,Germany,06/10/2021,2475
1949,39,Canada,27/06/2022,9460
1950,13,Canada,21/06/2022,8811
1951,37,South Africa,30/01/2022,6622
1952,42,South Africa,09/08/2022,5280
1953,45,South Africa,18/09/2022,3894
1954,34,Canada,05/11/2021,3531
1955,21,South Africa,16/01/2022,5885
1956,17,South Africa,09/02/2022,4136
1957,29,Canada,09/12/2021,4158
1958,37,South Africa,18/01/2022,4807
1959,27,Canada,12/02/2022,10978
1960,9,Australia,16/10/2021,2607
1961,7,Australia,09/07/2022,1628
1962,37,Australia,23/09/2022,6567
1963,12,France,09/03/2022,1276
1964,34,France,17/01/2022,8514
1965,2,Australia,05/06/2022,10054
1966,16,Australia,10/01/2022,220
1967,45,Germany,19/01/2022,5214
1968,31,Canada,09/11/2021,429
1969,35,Germany,04/12/2021,2376
1970,17,South Africa,11/08/2022,4675
1971,17,Germany,13/12/2021,8657
1972,15,France,24/09/2022,3025
1973,13,South Africa,25/09/2022,7546
1974,11,South Africa,16/12/2021,2706
1975,40,Germany,28/02/2022,5434
1976,5,Australia,02/02/2022,1397
1977,9,Australia,08/09/2022,10307
1978,14,France,01/07/2022,3916
1979,11,Canada,12/09/2022,2233
1980,5,South Africa,21/08/2022,5247
1981,16,Australia,03/03/2022,3168
1982,11,South Africa,31/12/2021,858
1983,4,France,09/07/2022,6985
1984,29,Germany,11/02/2022,660
1985,30,Australia,10/03/2022,473
1986,35,Canada,25/03/2022,6116
1987,31,Australia,12/09/2022,7678
1988,17,Canada,25/07/2022,2849
1989,44,South Africa,07/12/2021,10175
1990,16,Canada,09/06/2022,8393
1991,24,Canada,01/05/2022,1793
1992,38,Australia,09/08/2022,5731
1993,46,Australia,23/03/2022,1331
1994,15,South Africa,23/03/2022,8118
1995,50,South Africa,04/12/2021,3784
1996,18,Germany,17/04/2022,4785
1997,41,Australia,11/09/2022,880
1998,47,South Africa,04/10/2021,10780
1999,44,South Africa,25/03/2022,1155
2000,23,France,18/04/2022,6292
